{
    "EB": {
        "avg": [
            0.0,
            0.171875,
            0.00390625,
            0.0,
            0.0
        ],
        "var": [
            0.0,
            0.132568359375,
            0.0009613037109375,
            0.0,
            0.0
        ]
    },
    "UPC": {
        "avg": [
            3.89453125,
            2.65625,
            4.75,
            3.23046875,
            5.28125
        ],
        "var": [
            1.2789154052734375,
            2.6044921875,
            1.7578125,
            1.9009857177734375,
            0.9697265625
        ]
    },
    "DP": {
        "avg": 0.14383424875324513,
        "var": 0.0002456359378302262
    },
    "TD": {
        "avg": [
            10.284870241298128,
            11.385010752758575,
            11.783176225557906,
            10.545507836026937,
            12.786414601481157,
            12.779995896415704
        ],
        "var": [
            3.0126577179583554,
            4.680319639144747,
            6.457389281280529,
            3.7137186569093776,
            4.548351795854139,
            9.531077172188034
        ]
    },
    "ES": 0.88567615
}
