{
    "EB": {
        "avg": [
            0.0,
            0.04296875,
            0.0,
            0.0,
            0.0
        ],
        "var": [
            0.0,
            0.0381927490234375,
            0.0,
            0.0,
            0.0
        ]
    },
    "UPC": {
        "avg": [
            3.5234375,
            3.3046875,
            3.58203125,
            3.1640625,
            4.6171875
        ],
        "var": [
            6.14202880859375,
            2.85638427734375,
            3.7286224365234375,
            1.79339599609375,
            0.76556396484375
        ]
    },
    "DP": {
        "avg": 0.1182941740008329,
        "var": 0.00016760878164256374
    },
    "TD": {
        "avg": [
            18.15408824751345,
            15.160944881165362,
            16.473491157558318,
            13.57319659227707,
            14.064363175477016,
            13.722360707839739
        ],
        "var": [
            5.095425903992419,
            7.701649160109704,
            5.4105766601398235,
            2.5898455021885165,
            7.115239189184328,
            6.7279363687233635
        ]
    }
}
