{
    "EB": {
        "avg": [
            0.010078037423471587,
            0.06557191515046995,
            0.0521605803224972,
            0.0172458394412348,
            0.03714861602138484
        ],
        "var": [
            0.004313637524879689,
            0.02959513510157637,
            0.024238697633833472,
            0.007928038036705337,
            0.017074375861015914
        ]
    },
    "UPC": {
        "avg": [
            3.4166244502888676,
            3.295704169181685,
            3.266820082780029,
            1.9264734414072604,
            3.5740169871518495
        ],
        "var": [
            1.4020558310242255,
            2.2466210592894877,
            1.8058293875664162,
            0.45092414612148973,
            2.5519151003411578
        ]
    },
    "DP": {
        "avg": 0.13933221429335632,
        "var": 0.0013511415863231822
    },
    "TD": {
        "avg": [
            10.150259409019062,
            11.43467508385132,
            11.445543812744265,
            9.10796803834875,
            10.898287936461005,
            9.210364083733928
        ],
        "var": [
            6.093867946268908,
            6.035276809100946,
            7.051988267784675,
            5.291704482846969,
            5.4797589633781305,
            5.3178665489701755
        ]
    }
}
