{
    "EB": {
        "avg": [
            0.0,
            0.0,
            0.0,
            0.0,
            0.0
        ],
        "var": [
            0.0,
            0.0,
            0.0,
            0.0,
            0.0
        ]
    },
    "UPC": {
        "avg": [
            10.9375,
            7.25,
            6.5625,
            3.125,
            9.0625
        ],
        "var": [
            0.07421875,
            0.0,
            0.01171875,
            0.015625,
            0.01171875
        ]
    },
    "DP": {
        "avg": 0.09683748584880929,
        "var": 4.888721395416536e-07
    },
    "TD": {
        "avg": [
            5.0531974912613595,
            5.502667152580747,
            4.813305703460569,
            2.7069562557049607,
            3.5920052498804327,
            2.3561359990324178
        ],
        "var": [
            2.275416062772203,
            1.6823380100929703,
            1.28022889101488,
            1.1464685761152138,
            0.6889542626707444,
            1.3313618173879394
        ]
    },
    "COS_SIM": {
        "avg": 0.86874920129776,
        "var": 1.2607621791005386e-05
    }
}
