{
    "sotsuron_models/sotsuron2_pianoroll_distance_model/generated/00005542_TRHIRGP128F4280974_noise": {
        "sotsuron_models/sotsuron2_pianoroll_distance_model/generated/00005542_TRHIRGP128F4280974_noise/npy/105.npy": {
            "EB": [
                [
                    0.0,
                    0.0,
                    0.0,
                    0.0,
                    0.0
                ],
                [
                    0.0,
                    0.0,
                    0.0,
                    0.0,
                    0.0
                ],
                [
                    0.0,
                    0.0,
                    0.0,
                    0.0,
                    0.0
                ],
                [
                    0.0,
                    0.0,
                    0.0,
                    0.0,
                    0.0
                ]
            ],
            "UPC": [
                [
                    11.0,
                    7.25,
                    6.75,
                    3.25,
                    9.0
                ],
                [
                    11.0,
                    7.25,
                    6.5,
                    3.0,
                    9.0
                ],
                [
                    11.25,
                    7.25,
                    6.5,
                    3.0,
                    9.0
                ],
                [
                    10.5,
                    7.25,
                    6.5,
                    3.25,
                    9.25
                ]
            ],
            "DP": [
                0.09697916666666666,
                0.09732905982905982,
                0.09565677966101695,
                0.09738493723849372
            ],
            "TD": [
                [
                    [
                        0.0,
                        3.573635617598165,
                        6.327084822499682,
                        6.021985540694157
                    ],
                    [
                        3.573635617598165,
                        0.0,
                        4.445851591791754,
                        4.439397345663734
                    ],
                    [
                        6.327084822499682,
                        4.445851591791754,
                        0.0,
                        1.4564312491490135
                    ],
                    [
                        6.021985540694157,
                        4.439397345663734,
                        1.4564312491490135,
                        0.0
                    ]
                ],
                [
                    [
                        0.0,
                        6.094916639976842,
                        6.063665496823539,
                        5.8456108473467445
                    ],
                    [
                        6.094916639976842,
                        0.0,
                        2.4447359105419553,
                        2.532036121994414
                    ],
                    [
                        6.063665496823539,
                        2.4447359105419553,
                        0.0,
                        1.0569179721702604
                    ],
                    [
                        5.8456108473467445,
                        2.532036121994414,
                        1.0569179721702604,
                        0.0
                    ]
                ],
                [
                    [
                        0.0,
                        6.964975758850905,
                        6.35515810315975,
                        3.4886712742544654
                    ],
                    [
                        6.964975758850905,
                        0.0,
                        2.4175470901405944,
                        4.365981805860138
                    ],
                    [
                        6.35515810315975,
                        2.4175470901405944,
                        0.0,
                        3.908576670717468
                    ],
                    [
                        3.4886712742544654,
                        4.365981805860138,
                        3.908576670717468,
                        0.0
                    ]
                ],
                [
                    [
                        0.0,
                        3.579261948619526,
                        3.2647601878400168,
                        3.8969551515469085
                    ],
                    [
                        3.579261948619526,
                        0.0,
                        1.5196904303455399,
                        3.030605726003445
                    ],
                    [
                        3.2647601878400168,
                        1.5196904303455399,
                        0.0,
                        3.0026181040929307
                    ],
                    [
                        3.8969551515469085,
                        3.030605726003445,
                        3.0026181040929307,
                        0.0
                    ]
                ]
            ],
            "COS_SIM": [
                0.8706486821174622,
                0.8701180815696716,
                0.8715651631355286,
                0.8626648783683777
            ]
        }
    }
}
