{
    "EB": {
        "avg": [
            0.0,
            1.0,
            0.0,
            1.0,
            0.0
        ],
        "var": [
            0.0,
            0.0,
            0.0,
            0.0,
            0.0
        ]
    },
    "UPC": {
        "avg": [
            3.0,
            0.0,
            1.8125,
            0.0,
            2.5625
        ],
        "var": [
            0.0,
            0.0,
            0.01171875,
            0.0,
            0.01171875
        ]
    },
    "DP": {
        "avg": 0.18253835716522285,
        "var": 5.234566843597191e-06
    },
    "TD": {
        "avg": [
            4.514142188525588,
            3.687960746237824,
            3.469055157025231,
            4.4280801855777305,
            3.2448402051024408,
            1.932126854806428
        ],
        "var": [
            20.38018187437089,
            20.28739159412809,
            17.215502993847306,
            19.650590330729976,
            14.063330121214477,
            11.19934254919254
        ]
    },
    "COS_SIM": {
        "avg": 0.9047079235315323,
        "var": 1.9533284203232526e-05
    }
}
