{
    "EB": {
        "avg": [
            0.0,
            0.6796875,
            0.3515625,
            0.84375,
            0.23046875
        ],
        "var": [
            0.0,
            0.18646240234375,
            0.21038818359375,
            0.1181640625,
            0.1568450927734375
        ]
    },
    "UPC": {
        "avg": [
            2.69921875,
            0.48046875,
            1.53515625,
            0.234375,
            1.4921875
        ],
        "var": [
            0.4456634521484375,
            0.5611419677734375,
            1.9645843505859375,
            0.316162109375,
            1.04681396484375
        ]
    },
    "DP": {
        "avg": 0.1475314141695383,
        "var": 0.001309475772613275
    },
    "TD": {
        "avg": [
            7.034449915519307,
            7.643290269318852,
            6.559091465990891,
            7.455260034694521,
            7.462915947449017,
            6.726511176476272
        ],
        "var": [
            10.519376740006713,
            12.95167216596867,
            15.454469828128591,
            9.588983687583688,
            10.291634504047616,
            12.286700497508908
        ]
    },
    "COS_SIM": {
        "avg": 0.898191200569272,
        "var": 0.0019942051588119312
    }
}
