{
    "sotsuron_models/sotsuron2_pianoroll_distance_model/generated/00005542_TRHIRGP128F4280974_repeat": {
        "sotsuron_models/sotsuron2_pianoroll_distance_model/generated/00005542_TRHIRGP128F4280974_repeat/npy/105.npy": {
            "EB": [
                [
                    0.0,
                    1.0,
                    0.0,
                    1.0,
                    0.0
                ],
                [
                    0.0,
                    1.0,
                    0.0,
                    1.0,
                    0.0
                ],
                [
                    0.0,
                    1.0,
                    0.0,
                    1.0,
                    0.0
                ],
                [
                    0.0,
                    1.0,
                    0.0,
                    1.0,
                    0.0
                ]
            ],
            "UPC": [
                [
                    3.0,
                    0.0,
                    1.75,
                    0.0,
                    2.75
                ],
                [
                    3.0,
                    0.0,
                    1.75,
                    0.0,
                    2.5
                ],
                [
                    3.0,
                    0.0,
                    2.0,
                    0.0,
                    2.5
                ],
                [
                    3.0,
                    0.0,
                    1.75,
                    0.0,
                    2.5
                ]
            ],
            "DP": [
                0.1791044776119403,
                0.18181818181818182,
                0.18461538461538463,
                0.18461538461538463
            ],
            "TD": [
                [
                    [
                        0.0,
                        0.0,
                        0.0,
                        0.0
                    ],
                    [
                        0.0,
                        0.0,
                        0.0,
                        0.0
                    ],
                    [
                        0.0,
                        0.0,
                        0.0,
                        0.0
                    ],
                    [
                        0.0,
                        0.0,
                        0.0,
                        0.0
                    ]
                ],
                [
                    [
                        0.0,
                        9.101798676943153,
                        3.7190547657990956,
                        3.7190547657990956
                    ],
                    [
                        9.101798676943153,
                        0.0,
                        9.148380154277246,
                        9.148380154277246
                    ],
                    [
                        3.7190547657990956,
                        9.148380154277246,
                        0.0,
                        0.0
                    ],
                    [
                        3.7190547657990956,
                        9.148380154277246,
                        0.0,
                        0.0
                    ]
                ],
                [
                    [
                        0.0,
                        0.0,
                        0.0,
                        0.0
                    ],
                    [
                        0.0,
                        0.0,
                        0.0,
                        0.0
                    ],
                    [
                        0.0,
                        0.0,
                        0.0,
                        0.0
                    ],
                    [
                        0.0,
                        0.0,
                        0.0,
                        0.0
                    ]
                ],
                [
                    [
                        0.0,
                        8.9547700771592,
                        11.0327882191522,
                        10.157165862301829
                    ],
                    [
                        8.9547700771592,
                        0.0,
                        8.563940588033674,
                        3.830980666132517
                    ],
                    [
                        11.0327882191522,
                        8.563940588033674,
                        0.0,
                        7.728507419225712
                    ],
                    [
                        10.157165862301829,
                        3.830980666132517,
                        7.728507419225712,
                        0.0
                    ]
                ]
            ],
            "COS_SIM": [
                0.9106371998786926,
                0.9055777788162231,
                0.9043991565704346,
                0.8982175588607788
            ]
        }
    }
}
