{
    "EB": {
        "avg": [
            0.0,
            0.0,
            0.0,
            0.0,
            0.0
        ],
        "var": [
            0.0,
            0.0,
            0.0,
            0.0,
            0.0
        ]
    },
    "UPC": {
        "avg": [
            12.0,
            12.0,
            12.0,
            12.0,
            12.0
        ],
        "var": [
            0.0,
            0.0,
            0.0,
            0.0,
            0.0
        ]
    },
    "DP": {
        "avg": 0.07856262942930697,
        "var": 3.328033491113544e-06
    },
    "TD": {
        "avg": [
            1.2001328780447404,
            1.1349019639996945,
            1.3966713331870846,
            1.2070764261164724,
            1.4124249057215006,
            1.3519891324931566
        ],
        "var": [
            0.0030922025437143934,
            0.05087619164385313,
            0.023533219886985212,
            0.019594551957133634,
            0.018103167709365754,
            0.019177083958221947
        ]
    },
    "COS_SIM": {
        "avg": 0.8419617861509323,
        "var": 0.0006978305143856556
    }
}
