{
    "EB": {
        "avg": [
            0.0,
            0.0,
            0.0,
            0.0,
            0.0
        ],
        "var": [
            0.0,
            0.0,
            0.0,
            0.0,
            0.0
        ]
    },
    "UPC": {
        "avg": [
            12.0,
            12.0,
            12.0,
            12.0,
            12.0
        ],
        "var": [
            0.0,
            0.0,
            0.0,
            0.0,
            0.0
        ]
    },
    "DP": {
        "avg": 0.07740176502794721,
        "var": 1.908561480195777e-06
    },
    "TD": {
        "avg": [
            2.1643806893891697,
            1.3519224901864264,
            2.0793752363855424,
            2.0964608338929605,
            1.6306630524964254,
            1.9853160424724372
        ],
        "var": [
            0.02319923904657546,
            0.01629382961437244,
            0.025712493643807635,
            0.020609434351432542,
            0.01616449146616602,
            0.019094956135185737
        ]
    },
    "COS_SIM": {
        "avg": 0.8270899262279272,
        "var": 0.003709729733520375
    }
}
