{
    "sotsuron_models/sotsuron1_d_conditioning_model/generated/00005542_TRHIRGP128F4280974_repeat": {
        "sotsuron_models/sotsuron1_d_conditioning_model/generated/00005542_TRHIRGP128F4280974_repeat/npy/105.npy": {
            "EB": [
                [
                    0.0,
                    0.0,
                    0.0,
                    0.0,
                    0.0
                ],
                [
                    0.0,
                    0.0,
                    0.0,
                    0.0,
                    0.0
                ],
                [
                    0.0,
                    0.0,
                    0.0,
                    0.0,
                    0.0
                ],
                [
                    0.0,
                    0.0,
                    0.0,
                    0.0,
                    0.0
                ]
            ],
            "UPC": [
                [
                    12.0,
                    12.0,
                    12.0,
                    12.0,
                    12.0
                ],
                [
                    12.0,
                    12.0,
                    12.0,
                    12.0,
                    12.0
                ],
                [
                    12.0,
                    12.0,
                    12.0,
                    12.0,
                    12.0
                ],
                [
                    12.0,
                    12.0,
                    12.0,
                    12.0,
                    12.0
                ]
            ],
            "DP": [
                0.08003102836879433,
                0.07553786574870913,
                0.07871009490940466,
                0.07997152869031975
            ],
            "TD": [
                [
                    [
                        0.0,
                        1.184778719967779,
                        1.04110748670763,
                        1.1917519262665577
                    ],
                    [
                        1.184778719967779,
                        0.0,
                        1.0332634105230682,
                        1.2488096593115123
                    ],
                    [
                        1.04110748670763,
                        1.0332634105230682,
                        0.0,
                        1.1420153181247104
                    ],
                    [
                        1.1917519262665577,
                        1.2488096593115123,
                        1.1420153181247104,
                        0.0
                    ]
                ],
                [
                    [
                        0.0,
                        1.1749844924384787,
                        0.9534611660654195,
                        1.424923851466698
                    ],
                    [
                        1.1749844924384787,
                        0.0,
                        1.3027351329397767,
                        1.5983406541134446
                    ],
                    [
                        0.9534611660654195,
                        1.3027351329397767,
                        0.0,
                        1.3196178362257505
                    ],
                    [
                        1.424923851466698,
                        1.5983406541134446,
                        1.3196178362257505,
                        0.0
                    ]
                ],
                [
                    [
                        0.0,
                        1.2934607900786814,
                        1.5214265833203235,
                        1.6186781044189151
                    ],
                    [
                        1.2934607900786814,
                        0.0,
                        1.3802479637882368,
                        1.3276900086241454
                    ],
                    [
                        1.5214265833203235,
                        1.3802479637882368,
                        0.0,
                        1.50637204738358
                    ],
                    [
                        1.6186781044189151,
                        1.3276900086241454,
                        1.50637204738358,
                        0.0
                    ]
                ],
                [
                    [
                        0.0,
                        1.1473075096940228,
                        1.0236126199054043,
                        1.3513314505961678
                    ],
                    [
                        1.1473075096940228,
                        0.0,
                        1.1120591972148075,
                        1.4748593008369002
                    ],
                    [
                        1.0236126199054043,
                        1.1120591972148075,
                        0.0,
                        1.4399513282385856
                    ],
                    [
                        1.3513314505961678,
                        1.4748593008369002,
                        1.4399513282385856,
                        0.0
                    ]
                ]
            ],
            "COS_SIM": [
                0.8816449642181396,
                0.8298684358596802,
                0.8095964789390564,
                0.846737265586853
            ]
        }
    }
}
