{
    "sotsuron_models/sotsuron1_d_conditioning_model/generated/00005542_TRHIRGP128F4280974_noise": {
        "sotsuron_models/sotsuron1_d_conditioning_model/generated/00005542_TRHIRGP128F4280974_noise/npy/105.npy": {
            "EB": [
                [
                    0.0,
                    0.0,
                    0.0,
                    0.0,
                    0.0
                ],
                [
                    0.0,
                    0.0,
                    0.0,
                    0.0,
                    0.0
                ],
                [
                    0.0,
                    0.0,
                    0.0,
                    0.0,
                    0.0
                ],
                [
                    0.0,
                    0.0,
                    0.0,
                    0.0,
                    0.0
                ]
            ],
            "UPC": [
                [
                    12.0,
                    12.0,
                    12.0,
                    12.0,
                    12.0
                ],
                [
                    12.0,
                    12.0,
                    12.0,
                    12.0,
                    12.0
                ],
                [
                    12.0,
                    12.0,
                    12.0,
                    12.0,
                    12.0
                ],
                [
                    12.0,
                    12.0,
                    12.0,
                    12.0,
                    12.0
                ]
            ],
            "DP": [
                0.07633084029916411,
                0.0771348071087993,
                0.07810162780466344,
                0.0804159252669039
            ],
            "TD": [
                [
                    [
                        0.0,
                        1.2538454323688473,
                        1.0698829868394457,
                        1.0656542109480633
                    ],
                    [
                        1.2538454323688473,
                        0.0,
                        1.352054412109017,
                        1.4785578559864203
                    ],
                    [
                        1.0698829868394457,
                        1.352054412109017,
                        0.0,
                        1.0392090356295351
                    ],
                    [
                        1.0656542109480633,
                        1.4785578559864203,
                        1.0392090356295351,
                        0.0
                    ]
                ],
                [
                    [
                        0.0,
                        1.3413236684602627,
                        1.0148690878744957,
                        1.4886293513886653
                    ],
                    [
                        1.3413236684602627,
                        0.0,
                        1.4472084406576564,
                        1.6532886491041627
                    ],
                    [
                        1.0148690878744957,
                        1.4472084406576564,
                        0.0,
                        1.5545520662924421
                    ],
                    [
                        1.4886293513886653,
                        1.6532886491041627,
                        1.5545520662924421,
                        0.0
                    ]
                ],
                [
                    [
                        0.0,
                        1.7255008211936798,
                        1.9094994015998106,
                        1.7645288985615764
                    ],
                    [
                        1.7255008211936798,
                        0.0,
                        1.574658673104211,
                        1.2569277356554491
                    ],
                    [
                        1.9094994015998106,
                        1.574658673104211,
                        0.0,
                        1.4345412883528341
                    ],
                    [
                        1.7645288985615764,
                        1.2569277356554491,
                        1.4345412883528341,
                        0.0
                    ]
                ],
                [
                    [
                        0.0,
                        1.2119400490814505,
                        1.3199495546017261,
                        1.088389900818501
                    ],
                    [
                        1.2119400490814505,
                        0.0,
                        1.4253945132557293,
                        1.2144726430391255
                    ],
                    [
                        1.3199495546017261,
                        1.4253945132557293,
                        0.0,
                        1.5600979195064255
                    ],
                    [
                        1.088389900818501,
                        1.2144726430391255,
                        1.5600979195064255,
                        0.0
                    ]
                ]
            ],
            "COS_SIM": [
                0.8429936766624451,
                0.8187381625175476,
                0.8153278231620789,
                0.8300299644470215
            ]
        }
    }
}
