{
    "EB": {
        "avg": [
            0.0,
            0.0,
            0.0,
            0.0,
            0.0
        ],
        "var": [
            0.0,
            0.0,
            0.0,
            0.0,
            0.0
        ]
    },
    "UPC": {
        "avg": [
            12.0,
            12.0,
            12.0,
            12.0,
            12.0
        ],
        "var": [
            0.0,
            0.0,
            0.0,
            0.0,
            0.0
        ]
    },
    "DP": {
        "avg": 0.07799580011988269,
        "var": 2.3454013489630462e-06
    },
    "TD": {
        "avg": [
            1.38315249277606,
            1.3285502577288697,
            1.3518005904292014,
            1.4498290097816533,
            1.4008117209462896,
            1.3971000774453093
        ],
        "var": [
            0.04124651131525367,
            0.12572012830231294,
            0.08508292701271573,
            0.006436557199569506,
            0.031303478486045255,
            0.04521181684867505
        ]
    },
    "COS_SIM": {
        "avg": 0.8267724066972733,
        "var": 0.00011731721340235701
    }
}
