{
    "sotsuron_models/sotsuron3_embedding_distance_model/generated/00005542_TRHIRGP128F4280974_noise": {
        "sotsuron_models/sotsuron3_embedding_distance_model/generated/00005542_TRHIRGP128F4280974_noise/npy/105.npy": {
            "EB": [
                [
                    0.0,
                    0.0,
                    0.0,
                    0.0,
                    0.0
                ],
                [
                    0.0,
                    0.0,
                    0.0,
                    0.0,
                    0.0
                ],
                [
                    0.0,
                    0.0,
                    0.0,
                    0.0,
                    0.0
                ],
                [
                    0.0,
                    0.0,
                    0.0,
                    0.0,
                    0.0
                ]
            ],
            "UPC": [
                [
                    12.0,
                    12.0,
                    12.0,
                    12.0,
                    12.0
                ],
                [
                    12.0,
                    12.0,
                    12.0,
                    12.0,
                    12.0
                ],
                [
                    12.0,
                    12.0,
                    12.0,
                    12.0,
                    12.0
                ],
                [
                    12.0,
                    12.0,
                    12.0,
                    12.0,
                    12.0
                ]
            ],
            "DP": [
                0.06511774600504626,
                0.06703273040482342,
                0.06386061946902655,
                0.06650518251464624
            ],
            "TD": [
                [
                    [
                        0.0,
                        1.6316562900202511,
                        1.155400263746772,
                        1.593457764366983
                    ],
                    [
                        1.6316562900202511,
                        0.0,
                        1.688087919153907,
                        1.7324648982687947
                    ],
                    [
                        1.155400263746772,
                        1.688087919153907,
                        0.0,
                        1.4449474053520868
                    ],
                    [
                        1.593457764366983,
                        1.7324648982687947,
                        1.4449474053520868,
                        0.0
                    ]
                ],
                [
                    [
                        0.0,
                        1.5892223248547939,
                        1.617462877823326,
                        1.8124589180600843
                    ],
                    [
                        1.5892223248547939,
                        0.0,
                        1.6391072277023464,
                        1.794913534013657
                    ],
                    [
                        1.617462877823326,
                        1.6391072277023464,
                        0.0,
                        1.733789188981319
                    ],
                    [
                        1.8124589180600843,
                        1.794913534013657,
                        1.733789188981319,
                        0.0
                    ]
                ],
                [
                    [
                        0.0,
                        1.49648819617783,
                        1.5986918837752444,
                        1.80671651427636
                    ],
                    [
                        1.49648819617783,
                        0.0,
                        1.445615697034873,
                        1.717583342769578
                    ],
                    [
                        1.5986918837752444,
                        1.445615697034873,
                        0.0,
                        1.7153101575535645
                    ],
                    [
                        1.80671651427636,
                        1.717583342769578,
                        1.7153101575535645,
                        0.0
                    ]
                ],
                [
                    [
                        0.0,
                        1.4069681926085416,
                        1.5064794239801147,
                        1.3610138820917552
                    ],
                    [
                        1.4069681926085416,
                        0.0,
                        1.2135379834658124,
                        1.2746116479266
                    ],
                    [
                        1.5064794239801147,
                        1.2135379834658124,
                        0.0,
                        1.3677908715818163
                    ],
                    [
                        1.3610138820917552,
                        1.2746116479266,
                        1.3677908715818163,
                        0.0
                    ]
                ]
            ],
            "COS_SIM": [
                0.8169434666633606,
                0.8613253235816956,
                0.8629136681556702,
                0.8164963722229004
            ]
        }
    }
}
