{
    "EB": {
        "avg": [
            0.0,
            0.0,
            0.0,
            0.0,
            0.0
        ],
        "var": [
            0.0,
            0.0,
            0.0,
            0.0,
            0.0
        ]
    },
    "UPC": {
        "avg": [
            12.0,
            12.0,
            12.0,
            12.0,
            12.0
        ],
        "var": [
            0.0,
            0.0,
            0.0,
            0.0,
            0.0
        ]
    },
    "DP": {
        "avg": 0.06701121255170675,
        "var": 2.7975743764413604e-06
    },
    "TD": {
        "avg": [
            1.5795459334625828,
            1.496168017361456,
            1.7551237947864762,
            1.601995189028466,
            1.7478846880128014,
            1.661224915359587
        ],
        "var": [
            0.021342508517240066,
            0.04445003977805683,
            0.06357864736188554,
            0.015819356543692698,
            0.1377270571976294,
            0.05557502680941048
        ]
    },
    "COS_SIM": {
        "avg": 0.8534923791885376,
        "var": 0.0006710382441550422
    }
}
