{
    "EB": {
        "avg": [
            0.0,
            0.0,
            0.0,
            0.0,
            0.0
        ],
        "var": [
            0.0,
            0.0,
            0.0,
            0.0,
            0.0
        ]
    },
    "UPC": {
        "avg": [
            12.0,
            12.0,
            12.0,
            12.0,
            12.0
        ],
        "var": [
            0.0,
            0.0,
            0.0,
            0.0,
            0.0
        ]
    },
    "DP": {
        "avg": 0.06562906959838562,
        "var": 1.531676294675977e-06
    },
    "TD": {
        "avg": [
            1.531083750915354,
            1.4695086123313643,
            1.6434117696987955,
            1.4965872068392347,
            1.6298933557446573,
            1.5654594058671965
        ],
        "var": [
            0.00752411340578164,
            0.03465241946567906,
            0.03437233688605912,
            0.03492485920697059,
            0.04291680157656487,
            0.026096538844725348
        ]
    },
    "COS_SIM": {
        "avg": 0.8394197076559067,
        "var": 0.0005156207263954382
    }
}
