{
    "sotsuron_models/sotsuron3_embedding_distance_model/generated/00005542_TRHIRGP128F4280974_repeat": {
        "sotsuron_models/sotsuron3_embedding_distance_model/generated/00005542_TRHIRGP128F4280974_repeat/npy/105.npy": {
            "EB": [
                [
                    0.0,
                    0.0,
                    0.0,
                    0.0,
                    0.0
                ],
                [
                    0.0,
                    0.0,
                    0.0,
                    0.0,
                    0.0
                ],
                [
                    0.0,
                    0.0,
                    0.0,
                    0.0,
                    0.0
                ],
                [
                    0.0,
                    0.0,
                    0.0,
                    0.0,
                    0.0
                ]
            ],
            "UPC": [
                [
                    12.0,
                    12.0,
                    12.0,
                    12.0,
                    12.0
                ],
                [
                    12.0,
                    12.0,
                    12.0,
                    12.0,
                    12.0
                ],
                [
                    12.0,
                    12.0,
                    12.0,
                    12.0,
                    12.0
                ],
                [
                    12.0,
                    12.0,
                    12.0,
                    12.0,
                    12.0
                ]
            ],
            "DP": [
                0.06726064951497257,
                0.0674667497921862,
                0.06896871140386991,
                0.06434873949579831
            ],
            "TD": [
                [
                    [
                        0.0,
                        1.467225560283885,
                        1.1960973305584137,
                        1.725126712207373
                    ],
                    [
                        1.467225560283885,
                        0.0,
                        1.5959443336245802,
                        2.0246036232034954
                    ],
                    [
                        1.1960973305584137,
                        1.5959443336245802,
                        0.0,
                        1.5958323026046326
                    ],
                    [
                        1.725126712207373,
                        2.0246036232034954,
                        1.5958323026046326,
                        0.0
                    ]
                ],
                [
                    [
                        0.0,
                        1.8216390526331172,
                        1.7253770690336303,
                        2.0513196621997634
                    ],
                    [
                        1.8216390526331172,
                        0.0,
                        1.8051534842652963,
                        2.1153145257064883
                    ],
                    [
                        1.7253770690336303,
                        1.8051534842652963,
                        0.0,
                        2.062593587576995
                    ],
                    [
                        2.0513196621997634,
                        2.1153145257064883,
                        2.062593587576995,
                        0.0
                    ]
                ],
                [
                    [
                        0.0,
                        1.568160059002233,
                        1.6594860254476969,
                        1.8772222433555268
                    ],
                    [
                        1.568160059002233,
                        0.0,
                        1.5390914970318146,
                        1.6825848654059037
                    ],
                    [
                        1.6594860254476969,
                        1.5390914970318146,
                        0.0,
                        1.477630058096825
                    ],
                    [
                        1.8772222433555268,
                        1.6825848654059037,
                        1.477630058096825,
                        0.0
                    ]
                ],
                [
                    [
                        0.0,
                        1.4611590619310952,
                        1.4037116444060835,
                        1.3668265613832418
                    ],
                    [
                        1.4611590619310952,
                        0.0,
                        1.4677914411921729,
                        1.1690357377353178
                    ],
                    [
                        1.4037116444060835,
                        1.4677914411921729,
                        0.0,
                        1.5088437131598955
                    ],
                    [
                        1.3668265613832418,
                        1.1690357377353178,
                        1.5088437131598955,
                        0.0
                    ]
                ]
            ],
            "COS_SIM": [
                0.8526102900505066,
                0.8118873834609985,
                0.8797270655632019,
                0.8697447776794434
            ]
        }
    }
}
