{
    "EB": {
        "avg": [
            0.0,
            0.0,
            0.0,
            0.0,
            0.0
        ],
        "var": [
            0.0,
            0.0,
            0.0,
            0.0,
            0.0
        ]
    },
    "UPC": {
        "avg": [
            12.0,
            12.0,
            12.0,
            12.0,
            12.0
        ],
        "var": [
            0.0,
            0.0,
            0.0,
            0.0,
            0.0
        ]
    },
    "DP": {
        "avg": 0.06685557489022996,
        "var": 1.0036188729021008e-06
    },
    "TD": {
        "avg": [
            2.5131037429438705,
            1.864597400246235,
            2.759157438014554,
            2.341461317278231,
            2.0500436610231376,
            2.6122704542296544
        ],
        "var": [
            0.029964590614574398,
            0.021265924537867468,
            0.03704712791734548,
            0.025642737025947528,
            0.02960425720033331,
            0.029173045480204732
        ]
    },
    "COS_SIM": {
        "avg": 0.8378633502870798,
        "var": 0.003470444956003429
    }
}
